claim_id,claim,theorem_or_lemma,proof_or_checker,evidence_type,source_or_test,raw_result,figure_or_table,maturity,fresh_recheck
semantic-model,"Contexts share the exposed boundary, use [0,1]-valued rewards monotonically, and range over all compatible component--frame couplings",Definitions in Sections 2--3,paper Sections 2--3; proofs/order-core.md,written definition and semantic audit,inputs/order-pipeline.json,results/order-pipeline.certificate.json,fig:order-context,defined; Boolean monitors are a special case; no source-language completeness claim,"2026-09-25 repair recheck: isolated one-worker reproduction passed (51 scientific files, zero mismatches; 456 contextual certificates; one join-tree object represented by generated and retained files, both replayed and equal; isolated single-cell mutation rejected); mixture classification 11 required/58 interior-exists/31 listed/20 endpoint-also, with seed-813 and constant-objective regressions; 14 parser/CLI controls (12 expected rejections, two valid controls); 50-page paper rebuilt with 56 cited references and page 3 visually rechecked; artifact-only self-audit, not peer review"
contextual-characterization,Directed robust contextual loss equals sup-new inf-old boundary-preserving order-coupling deficiency for all bounded monotone rewards,Theorem 3 (thm:contextual-characterization),paper Section 3; Appendix A; proofs/order-core.md,ordinary written proof plus bounded exact semantic enumeration,tests/context_exhaustive.py; tests/order_campaign.py; named cases,results/context-exhaustive.json; results/order-certificates.json,fig:order-context,proved in declared finite compact model; 225-pair direct semantic cross-check under 144 rewards; not mechanized,"2026-09-25 repair recheck: isolated one-worker reproduction passed (51 scientific files, zero mismatches; 456 contextual certificates; one join-tree object represented by generated and retained files, both replayed and equal; isolated single-cell mutation rejected); mixture classification 11 required/58 interior-exists/31 listed/20 endpoint-also, with seed-813 and constant-objective regressions; 14 parser/CLI controls (12 expected rejections, two valid controls); 50-page paper rebuilt with 56 cited references and page 3 visually rechecked; artifact-only self-audit, not peer review"
target-law-witness,For every selected target law a target-law frame with Boolean monitor 1[x not<=y] attains the inner deficiency,Theorem 3 lower-bound construction,paper Section 3; Appendix A,ordinary written proof and exact finite checks,tests/all_posets_exhaustive.py; tests/poset_sweep.py; inputs/order-relational.json,results/all-posets-exhaustive.json; results/poset-sweep.json; results/order-relational.certificate.json,fig:order-context; fig:boolean-correlation,proved; witness is relational and target dependent; monitor upwardness checked on all 241 labeled posets through four outcomes,"2026-09-25 repair recheck: isolated one-worker reproduction passed (51 scientific files, zero mismatches; 456 contextual certificates; one join-tree object represented by generated and retained files, both replayed and equal; isolated single-cell mutation rejected); mixture classification 11 required/58 interior-exists/31 listed/20 endpoint-also, with seed-813 and constant-objective regressions; 14 parser/CLI controls (12 expected rejections, two valid controls); 50-page paper rebuilt with 56 cited references and page 3 visually rechecked; artifact-only self-audit, not peer review"
bounded-reward-extension,"The Boolean contextual quotient is unchanged when clients may use any [0,1]-valued reward monotone in the component outcome",Theorem 3 (upper bound plus Boolean attaining witness),paper Sections 2--3; Appendix A,written proof and exhaustive three-level reward oracle,tests/context_exhaustive.py,results/context-exhaustive.json,fig:order-context,"proved for bounded [0,1] rewards; 144 finite reward contexts checked; signed or unbounded rewards excluded","2026-09-25 repair recheck: isolated one-worker reproduction passed (51 scientific files, zero mismatches; 456 contextual certificates; one join-tree object represented by generated and retained files, both replayed and equal; isolated single-cell mutation rejected); mixture classification 11 required/58 interior-exists/31 listed/20 endpoint-also, with seed-813 and constant-objective regressions; 14 parser/CLI controls (12 expected rejections, two valid controls); 50-page paper rebuilt with 56 cited references and page 3 visually rechecked; artifact-only self-audit, not peer review"
upward-set-dual,Point deficiency equals the sum over boundary rows of maximal upward-set deficits,Theorem 7 (thm:upset-duality),paper Section 4; Appendix A; src/order_verify.py,written proof plus exact oracles,tests/all_posets_exhaustive.py; tests/poset_sweep.py; tests/order_campaign.py,results/all-posets-exhaustive.json; results/poset-sweep.json; results/order-campaign.json,none,"proved; zero mismatches in 22,611 denominator-two pairs over all labeled posets through four outcomes, 1,116 denominator-three multi-shape pairs, and 1,225 Boolean-square denominator-four pairs; standard stochastic-order attribution retained","2026-09-25 repair recheck: isolated one-worker reproduction passed (51 scientific files, zero mismatches; 456 contextual certificates; one join-tree object represented by generated and retained files, both replayed and equal; isolated single-cell mutation rejected); mixture classification 11 required/58 interior-exists/31 listed/20 endpoint-also, with seed-813 and constant-objective regressions; 14 parser/CLI controls (12 expected rejections, two valid controls); 50-page paper rebuilt with 56 cited references and page 3 visually rechecked; artifact-only self-audit, not peer review"
binary-specialization,On the chain 0<1 the order formula reduces to the boundary-success positive-part expression,Section 4; Appendix B,paper Appendix B; proofs/core.md; src/verify.py,written derivation and exact replay,tests/campaign.py,results/replay-resources.json,none,proved specialization; 432 legacy certificates replayed,"2026-09-25 repair recheck: isolated one-worker reproduction passed (51 scientific files, zero mismatches; 456 contextual certificates; one join-tree object represented by generated and retained files, both replayed and equal; isolated single-cell mutation rejected); mixture classification 11 required/58 interior-exists/31 listed/20 endpoint-also, with seed-813 and constant-objective regressions; 14 parser/CLI controls (12 expected rejections, two valid controls); 50-page paper rebuilt with 56 cited references and page 3 visually rechecked; artifact-only self-audit, not peer review"
zero-loss,Zero contextual loss is equivalent to every replacement law stochastically dominating an old same-prior witness,Corollary 4 (cor:zero-loss),paper Section 3; Appendix A,ordinary written proof,named and random order cases,results/order-certificates.json,none,proved under equal prior domains,"2026-09-25 repair recheck: isolated one-worker reproduction passed (51 scientific files, zero mismatches; 456 contextual certificates; one join-tree object represented by generated and retained files, both replayed and equal; isolated single-cell mutation rejected); mixture classification 11 required/58 interior-exists/31 listed/20 endpoint-also, with seed-813 and constant-objective regressions; 14 parser/CLI controls (12 expected rejections, two valid controls); 50-page paper rebuilt with 56 cited references and page 3 visually rechecked; artifact-only self-audit, not peer review"
triangle,Contextual loss obeys the directed triangle inequality and sequential replacement budgets add,Corollary 6 (cor:contract-triangle),paper Section 3; Appendix A,written gluing proof plus exhaustive small oracles,tests/all_posets_exhaustive.py; tests/poset_sweep.py; tests/order_campaign.py,results/all-posets-exhaustive.json; results/poset-sweep.json; results/order-campaign.json,none,"proved; zero violations in 223,185 all-poset denominator-two triples, 19,064 denominator-three multi-shape triples, and 42,875 Boolean-square denominator-four triples","2026-09-25 repair recheck: isolated one-worker reproduction passed (51 scientific files, zero mismatches; 456 contextual certificates; one join-tree object represented by generated and retained files, both replayed and equal; isolated single-cell mutation rejected); mixture classification 11 required/58 interior-exists/31 listed/20 endpoint-also, with seed-813 and constant-objective regressions; 14 parser/CLI controls (12 expected rejections, two valid controls); 50-page paper rebuilt with 56 cited references and page 3 visually rechecked; artifact-only self-audit, not peer review"
monotone-separation,Boundary-indexed upward-set expectations determine a finite point law,Proposition 8 (prop:monotone-separation),paper Section 4; Appendix A,Möbius-inversion proof,tests/order_campaign.py; tests/poset_sweep.py,results/order-campaign.json; results/poset-sweep.json,none,proved finite point-law separation; not a bit-complexity statement,"2026-09-25 repair recheck: isolated one-worker reproduction passed (51 scientific files, zero mismatches; 456 contextual certificates; one join-tree object represented by generated and retained files, both replayed and equal; isolated single-cell mutation rejected); mixture classification 11 required/58 interior-exists/31 listed/20 endpoint-also, with seed-813 and constant-objective regressions; 14 parser/CLI controls (12 expected rejections, two valid controls); 50-page paper rebuilt with 56 cited references and page 3 visually rechecked; artifact-only self-audit, not peer review"
linear-summary-dimension,Any linear summary recovering all boundary-indexed monotone predicate expectations has rank at least |S_+|(|X|-1),Corollary 9 (cor:linear-summary),paper Section 4; Appendix A,finite-dimensional injectivity/rank proof,analytic dimension argument,none,none,proved rank lower bound; no nonlinear or bit-complexity lower bound claimed,"2026-09-25 repair recheck: isolated one-worker reproduction passed (51 scientific files, zero mismatches; 456 contextual certificates; one join-tree object represented by generated and retained files, both replayed and equal; isolated single-cell mutation rejected); mixture classification 11 required/58 interior-exists/31 listed/20 endpoint-also, with seed-813 and constant-objective regressions; 14 parser/CLI controls (12 expected rejections, two valid controls); 50-page paper rebuilt with 56 cited references and page 3 visually rechecked; artifact-only self-audit, not peer review"
mixed-test-minimax,For one target law the exact old-contract deficiency is the mixed-strategy value of the finite upward-test game; a deterministic fixed test is exact iff a pure optimum exists,Theorem 11 (thm:mixed-test-minimax),paper Section 4; Appendix A,Sion minimax proof plus independent exact oracle,tests/independent_contract_oracle.py,results/independent-contract-oracle.json,fig:boolean-correlation,proved for compact convex old fibers; 99 targets checked; mixed algebraic witness not claimed to be an independently randomized client,"2026-09-25 repair recheck: isolated one-worker reproduction passed (51 scientific files, zero mismatches; 456 contextual certificates; one join-tree object represented by generated and retained files, both replayed and equal; isolated single-cell mutation rejected); mixture classification 11 required/58 interior-exists/31 listed/20 endpoint-also, with seed-813 and constant-objective regressions; 14 parser/CLI controls (12 expected rejections, two valid controls); 50-page paper rebuilt with 56 cited references and page 3 visually rechecked; artifact-only self-audit, not peer review"
relational-separation,All deterministic fixed upward-event robust gaps can be zero while exact set-contract contextual loss is 1/4,Theorem 12 (thm:relational-separation),paper Section 4; Appendix A,"exact analytic calculation, minimax witness, and replay",inputs/order-relational.json; tests/independent_contract_oracle.py,results/order-campaign.json; results/order-relational.certificate.json; results/independent-contract-oracle.json,fig:boolean-correlation,proved example; strict pure gap 1/4; no general non-encodability claim,"2026-09-25 repair recheck: isolated one-worker reproduction passed (51 scientific files, zero mismatches; 456 contextual certificates; one join-tree object represented by generated and retained files, both replayed and equal; isolated single-cell mutation rejected); mixture classification 11 required/58 interior-exists/31 listed/20 endpoint-also, with seed-813 and constant-objective regressions; 14 parser/CLI controls (12 expected rejections, two valid controls); 50-page paper rebuilt with 56 cited references and page 3 visually rechecked; artifact-only self-audit, not peer review"
data-processing,"Monotone deterministic maps, stochastically monotone kernels, and the declared binary frame operator do not increase loss",Propositions 13--15,paper Section 5; Appendix A; tests/data_processing_exhaustive.py,ordinary coupling/rowwise proofs plus independent exhaustive finite oracle,tests/data_processing_exhaustive.py,results/data-processing-exhaustive.json,none,"proved for stated map/kernel/frame premises; all 4,732 small monotone maps (159,957 law-pair checks) and 24,972 denominator-two stochastically monotone kernels (864,081 checks) passed; no large-interface performance claim","2026-09-25 repair recheck: isolated one-worker reproduction passed (51 scientific files, zero mismatches; 456 contextual certificates; one join-tree object represented by generated and retained files, both replayed and equal; isolated single-cell mutation rejected); mixture classification 11 required/58 interior-exists/31 listed/20 endpoint-also, with seed-813 and constant-objective regressions; 14 parser/CLI controls (12 expected rejections, two valid controls); 50-page paper rebuilt with 56 cited references and page 3 visually rechecked; artifact-only self-audit, not peer review"
closed-scope,"When the concrete feasible source set projects exactly to the abstract feasible law set, forgetting the closed scope preserves robust floors",Theorem 16 (thm:closed-scope),paper Section 5; Appendix A; proofs/core.md,ordinary finite projection/gluing proof and source checks,inputs/pipeline-model.json,results/pipeline.certificate.scope.json,fig:dependency-scopes,proved sufficient equality premise; no hidden independence inferred,"2026-09-25 repair recheck: isolated one-worker reproduction passed (51 scientific files, zero mismatches; 456 contextual certificates; one join-tree object represented by generated and retained files, both replayed and equal; isolated single-cell mutation rejected); mixture classification 11 required/58 interior-exists/31 listed/20 endpoint-also, with seed-813 and constant-objective regressions; 14 parser/CLI controls (12 expected rejections, two valid controls); 50-page paper rebuilt with 56 cited references and page 3 visually rechecked; artifact-only self-audit, not peer review"
join-tree,Separator-consistent local laws on a running-intersection tree admit an exact global extension,Theorem 17 (thm:join-tree),paper Section 5; Appendix A; src/join_tree.py,standard theorem with self-contained induction and certificate,inputs/join-tree.json; tests/order_campaign.py; reproduce.py,results/join-tree.certificate.json; results/dependency.certificate.json; results/order-campaign.json,fig:dependency-scopes,proved and finite-replayed; generated and retained certificate files both replayed and forced equal; isolated one-cell corruption rejected; standard junction-tree attribution,"2026-09-25 repair recheck: isolated one-worker reproduction passed (51 scientific files, zero mismatches; 456 contextual certificates; one join-tree object represented by generated and retained files, both replayed and equal; isolated single-cell mutation rejected); mixture classification 11 required/58 interior-exists/31 listed/20 endpoint-also, with seed-813 and constant-objective regressions; 14 parser/CLI controls (12 expected rejections, two valid controls); 50-page paper rebuilt with 56 cited references and page 3 visually rechecked; artifact-only self-audit, not peer review"
cyclic-negative,Pairwise-consistent marginals on a cycle may have no global extension,Example 18 (ex:cycle),paper Section 5; Appendix A,analytic parity contradiction and rejected input,inputs/join-cycle-negative.json,results/order-campaign.json,fig:dependency-scopes,proved counterexample; no complexity claim,"2026-09-25 repair recheck: isolated one-worker reproduction passed (51 scientific files, zero mismatches; 456 contextual certificates; one join-tree object represented by generated and retained files, both replayed and equal; isolated single-cell mutation rejected); mixture classification 11 required/58 interior-exists/31 listed/20 endpoint-also, with seed-813 and constant-objective regressions; 14 parser/CLI controls (12 expected rejections, two valid controls); 50-page paper rebuilt with 56 cited references and page 3 visually rechecked; artifact-only self-audit, not peer review"
replacement-generator-reduction,For convex old and finitely generated convex new contracts the maximum is attained at a supplied new generator; the old optimum may be interior,Theorem 19 (thm:replacement-generators),paper Section 6; Appendix A,written convexity proof and exact certificates,inputs/order-convex.json; tests/independent_contract_oracle.py,results/order-convex.certificate.json; results/independent-contract-oracle.json,fig:boolean-correlation; fig:certificate-stack,proved for declared convex semantics; 11 of 99 finite targets require interior mixing by strict endpoint comparison; 58 admit an interior optimum; flat intervals retained,"2026-09-25 repair recheck: isolated one-worker reproduction passed (51 scientific files, zero mismatches; 456 contextual certificates; one join-tree object represented by generated and retained files, both replayed and equal; isolated single-cell mutation rejected); mixture classification 11 required/58 interior-exists/31 listed/20 endpoint-also, with seed-813 and constant-objective regressions; 14 parser/CLI controls (12 expected rejections, two valid controls); 50-page paper rebuilt with 56 cited references and page 3 visually rechecked; artifact-only self-audit, not peer review"
certificate-optimality,"Equal exact old-mixture, transport, per-row bad-mass, and upward-set dual objectives certify each finite generator value",Section 6; Appendix C,src/order_verify.py; proofs/order-core.md,optimizer-free exact replay checker,tests/order_campaign.py; tests/certificate_mutation.py; src/order_verify.py,results/order-certificates.json; results/certificate-mutation.json,fig:certificate-stack,"24 order certificates replayed; every boundary-row bad mass checked directly; 1,636 systematic single-field mutations rejected; checker not mechanized","2026-09-25 repair recheck: isolated one-worker reproduction passed (51 scientific files, zero mismatches; 456 contextual certificates; one join-tree object represented by generated and retained files, both replayed and equal; isolated single-cell mutation rejected); mixture classification 11 required/58 interior-exists/31 listed/20 endpoint-also, with seed-813 and constant-objective regressions; 14 parser/CLI controls (12 expected rejections, two valid controls); 50-page paper rebuilt with 56 cited references and page 3 visually rechecked; artifact-only self-audit, not peer review"
order-oracle,Transport and upward-set values agree on all denominator-four Boolean-square pairs,finite Strassen oracle,tests/order_campaign.py,finite exhaustive exact check,"35 laws; 1,225 ordered pairs",results/order-campaign.json,Table 2,finite checked only; zero mismatches,"2026-09-25 repair recheck: isolated one-worker reproduction passed (51 scientific files, zero mismatches; 456 contextual certificates; one join-tree object represented by generated and retained files, both replayed and equal; isolated single-cell mutation rejected); mixture classification 11 required/58 interior-exists/31 listed/20 endpoint-also, with seed-813 and constant-objective regressions; 14 parser/CLI controls (12 expected rejections, two valid controls); 50-page paper rebuilt with 56 cited references and page 3 visually rechecked; artifact-only self-audit, not peer review"
multi-poset-oracle,"Transport/upward-set values, directed triangles, and target-monitor upwardness agree on six additional finite posets",finite multi-poset oracle,tests/poset_sweep.py,independent finite exact cross-check,six declared posets; denominator three,results/poset-sweep.json,Table 2,"finite checked only; 1,116 pairs and 19,064 triples; zero violations","2026-09-25 repair recheck: isolated one-worker reproduction passed (51 scientific files, zero mismatches; 456 contextual certificates; one join-tree object represented by generated and retained files, both replayed and equal; isolated single-cell mutation rejected); mixture classification 11 required/58 interior-exists/31 listed/20 endpoint-also, with seed-813 and constant-objective regressions; 14 parser/CLI controls (12 expected rejections, two valid controls); 50-page paper rebuilt with 56 cited references and page 3 visually rechecked; artifact-only self-audit, not peer review"
context-exhaustive,Direct robust-floor semantics agrees with the deficiency formula on the complete declared tiny Boolean and three-level-reward context universes,finite contextual oracle,tests/context_exhaustive.py,independent bounded semantic enumeration,four laws; 15 contracts; 144 reward contexts including 36 Boolean; all compatible integer couplings,results/context-exhaustive.json,Table 2,finite checked only; 225 ordered contract pairs; zero mismatches,"2026-09-25 repair recheck: isolated one-worker reproduction passed (51 scientific files, zero mismatches; 456 contextual certificates; one join-tree object represented by generated and retained files, both replayed and equal; isolated single-cell mutation rejected); mixture classification 11 required/58 interior-exists/31 listed/20 endpoint-also, with seed-813 and constant-objective regressions; 14 parser/CLI controls (12 expected rejections, two valid controls); 50-page paper rebuilt with 56 cited references and page 3 visually rechecked; artifact-only self-audit, not peer review"
set-contract-oracle,Production convex-contract values and mixed-test values agree with an independently implemented exact two-generator oracle,finite generator/minimax oracle,tests/independent_contract_oracle.py,independently implemented exact expectation/minimax mathematics; differential driver calls SciPy-backed producer and exact checker,50 generated exact tasks; 99 target generators,results/independent-contract-oracle.json,Table 2,"11 targets require interior mixing; 58 admit an interior optimum; 31 listed interior breakpoint minima, 20 with an optimal endpoint; nine strict pure-test gaps; largest 1/4; zero mismatches","2026-09-25 repair recheck: isolated one-worker reproduction passed (51 scientific files, zero mismatches; 456 contextual certificates; one join-tree object represented by generated and retained files, both replayed and equal; isolated single-cell mutation rejected); mixture classification 11 required/58 interior-exists/31 listed/20 endpoint-also, with seed-813 and constant-objective regressions; 14 parser/CLI controls (12 expected rejections, two valid controls); 50-page paper rebuilt with 56 cited references and page 3 visually rechecked; artifact-only self-audit, not peer review"
legacy-grid,Binary certificates and integer four-cell oracle agree on the retained grid,finite oracle lemma,proofs/finite-oracle.md; tests/campaign.py,finite exhaustive exact check,inputs/grid.json,results/grid.json; results/grid-certificates.json,Table 2,"405 certificates and 2,025 derived pairs; zero mismatch","2026-09-25 repair recheck: isolated one-worker reproduction passed (51 scientific files, zero mismatches; 456 contextual certificates; one join-tree object represented by generated and retained files, both replayed and equal; isolated single-cell mutation rejected); mixture classification 11 required/58 interior-exists/31 listed/20 endpoint-also, with seed-813 and constant-objective regressions; 14 parser/CLI controls (12 expected rejections, two valid controls); 50-page paper rebuilt with 56 cited references and page 3 visually rechecked; artifact-only self-audit, not peer review"
toy-monitor,The declared toy monitor has no false positive over all 128 circuit rows,pointwise circuit property,src/front_end.py; tests/campaign.py,finite exhaustive truth table,inputs/pipeline-model.json,results/pipeline-truth-table.csv; results/pipeline.json,Table 2,"finite checked; four-valued x and five Boolean controls give 128 rows; 12 monitor successes, 64 correct outputs, 52 correct but uncertified, zero false positives","2026-09-25 repair recheck: isolated one-worker reproduction passed (51 scientific files, zero mismatches; 456 contextual certificates; one join-tree object represented by generated and retained files, both replayed and equal; isolated single-cell mutation rejected); mixture classification 11 required/58 interior-exists/31 listed/20 endpoint-also, with seed-813 and constant-objective regressions; 14 parser/CLI controls (12 expected rejections, two valid controls); 50-page paper rebuilt with 56 cited references and page 3 visually rechecked; artifact-only self-audit, not peer review"
negative-controls,"Malformed certificates and invalid source, dependency, parser, and CLI inputs are rejected",format and scope validation,src/verify.py; src/order_verify.py; src/front_end.py; src/join_tree.py; tests/input_validation.py,finite adversarial tests,tests/certificate_mutation.py; tests/campaign.py; tests/order_campaign.py; tests/input_validation.py,results/certificate-mutation.json; results/negative-controls.json; results/order-campaign.json; results/input-validation.json,Table 2,"1,636 systematic order-certificate mutations, 12 legacy and four named order corruptions, 8+2 semantic/dependency inputs, and 12 parser/CLI invalid cases rejected; Boolean index and 257-bit integer regressions; two valid parser controls accepted","2026-09-25 repair recheck: isolated one-worker reproduction passed (51 scientific files, zero mismatches; 456 contextual certificates; one join-tree object represented by generated and retained files, both replayed and equal; isolated single-cell mutation rejected); mixture classification 11 required/58 interior-exists/31 listed/20 endpoint-also, with seed-813 and constant-objective regressions; 14 parser/CLI controls (12 expected rejections, two valid controls); 50-page paper rebuilt with 56 cited references and page 3 visually rechecked; artifact-only self-audit, not peer review"
clean-reproduction,A clean standalone run regenerates or checks and matches every retained scientific result file,none,reproduce.py,measured clean reproduction,all documented stages,results/reproduction.json,none,51 files; zero mismatch; 456 contextual certificates; generated and retained files for one join-tree object replayed and equal; isolated single-cell mutation rejected; one worker in isolated temporary worktree,"2026-09-25 repair recheck: isolated one-worker reproduction passed (51 scientific files, zero mismatches; 456 contextual certificates; one join-tree object represented by generated and retained files, both replayed and equal; isolated single-cell mutation rejected); mixture classification 11 required/58 interior-exists/31 listed/20 endpoint-also, with seed-813 and constant-objective regressions; 14 parser/CLI controls (12 expected rejections, two valid controls); 50-page paper rebuilt with 56 cited references and page 3 visually rechecked; artifact-only self-audit, not peer review"
contribution-boundary,"The contribution is the scoped shared-boundary contextual quotient, target-law witness, and certificate/scope integration, not priority for credal sets, coupling, stochastic order, probabilistic contracts, generic duality, or junction trees",Related Work Section 8,paper Section 8; source-notes.md; external_resources.csv,literature positioning and explicit non-claims,research-plan calibration and closest-work records,none,Table 3,"positioned against lower previsions, directed Kantorovich liftings, convex-set duality, probabilistic testing/contracts, and junction trees; not an independent priority review","2026-09-25 repair recheck: isolated one-worker reproduction passed (51 scientific files, zero mismatches; 456 contextual certificates; one join-tree object represented by generated and retained files, both replayed and equal; isolated single-cell mutation rejected); mixture classification 11 required/58 interior-exists/31 listed/20 endpoint-also, with seed-813 and constant-objective regressions; 14 parser/CLI controls (12 expected rejections, two valid controls); 50-page paper rebuilt with 56 cited references and page 3 visually rechecked; artifact-only self-audit, not peer review"
deployment,Reliability or accuracy of a deployed AI infrastructure system,none,none,excluded,none,none,none,NOT CLAIMED,"2026-09-25 repair recheck: isolated one-worker reproduction passed (51 scientific files, zero mismatches; 456 contextual certificates; one join-tree object represented by generated and retained files, both replayed and equal; isolated single-cell mutation rejected); mixture classification 11 required/58 interior-exists/31 listed/20 endpoint-also, with seed-813 and constant-objective regressions; 14 parser/CLI controls (12 expected rejections, two valid controls); 50-page paper rebuilt with 56 cited references and page 3 visually rechecked; artifact-only self-audit, not peer review"
mechanization,General theorem or checker correctness mechanically verified,none,none,excluded,none,none,none,NOT CLAIMED,"2026-09-25 repair recheck: isolated one-worker reproduction passed (51 scientific files, zero mismatches; 456 contextual certificates; one join-tree object represented by generated and retained files, both replayed and equal; isolated single-cell mutation rejected); mixture classification 11 required/58 interior-exists/31 listed/20 endpoint-also, with seed-813 and constant-objective regressions; 14 parser/CLI controls (12 expected rejections, two valid controls); 50-page paper rebuilt with 56 cited references and page 3 visually rechecked; artifact-only self-audit, not peer review"
all-poset-exhaustive,"The independent finite oracle finds no duality, triangle, or target-monitor-monotonicity counterexample on any labeled poset through four outcomes",Finite instance attack on Theorems 3 and 7 and Corollary 6,tests/all_posets_exhaustive.py,self-contained exact exhaustive finite oracle,"all labeled posets on 2, 3, and 4 outcomes; denominator-two laws",results/all-posets-exhaustive.json,Table 2 (tab:evaluation-summary),"finite checked only: 241 posets, 22,611 pairs, 223,185 triples, zero failures; not a proof for arbitrary finite posets","2026-09-25 repair recheck: isolated one-worker reproduction passed (51 scientific files, zero mismatches; 456 contextual certificates; one join-tree object represented by generated and retained files, both replayed and equal; isolated single-cell mutation rejected); mixture classification 11 required/58 interior-exists/31 listed/20 endpoint-also, with seed-813 and constant-objective regressions; 14 parser/CLI controls (12 expected rejections, two valid controls); 50-page paper rebuilt with 56 cited references and page 3 visually rechecked; artifact-only self-audit, not peer review"
data-processing-oracle,Small deterministic and stochastic monotone postprocessing instances never increase point deficiency,Propositions 13--14,tests/data_processing_exhaustive.py,self-contained exact exhaustive finite oracle,all labeled two- and three-outcome source/target posets; denominator-two laws and kernel rows,results/data-processing-exhaustive.json,Table 2 (tab:evaluation-summary),"finite checked only: 4,732 maps/159,957 checks and 24,972 kernels/864,081 checks; zero violations","2026-09-25 repair recheck: isolated one-worker reproduction passed (51 scientific files, zero mismatches; 456 contextual certificates; one join-tree object represented by generated and retained files, both replayed and equal; isolated single-cell mutation rejected); mixture classification 11 required/58 interior-exists/31 listed/20 endpoint-also, with seed-813 and constant-objective regressions; 14 parser/CLI controls (12 expected rejections, two valid controls); 50-page paper rebuilt with 56 cited references and page 3 visually rechecked; artifact-only self-audit, not peer review"
certificate-mutation,The exact order-certificate checker rejects the systematic retained single-field corruption corpus,Certificate trust boundary in Section 6,tests/certificate_mutation.py; src/order_verify.py,deterministic mutation test,all 24 retained order certificates,results/certificate-mutation.json,fig:certificate-stack; Table 2,"finite robustness evidence: 1,636 mutations rejected, zero unexpected acceptance; not a proof of checker correctness","2026-09-25 repair recheck: isolated one-worker reproduction passed (51 scientific files, zero mismatches; 456 contextual certificates; one join-tree object represented by generated and retained files, both replayed and equal; isolated single-cell mutation rejected); mixture classification 11 required/58 interior-exists/31 listed/20 endpoint-also, with seed-813 and constant-objective regressions; 14 parser/CLI controls (12 expected rejections, two valid controls); 50-page paper rebuilt with 56 cited references and page 3 visually rechecked; artifact-only self-audit, not peer review"
representation-invariance,"Named-task values and exact replay are invariant under tested boundary/outcome permutations, renamings, and generator reorderings",Representation invariance expected from Definitions 1--2,tests/metamorphic_invariance.py,metamorphic production/replay test,four named order tasks; 18 transformed variants,results/metamorphic-invariance.json,none,finite checked only; zero value or replay failure; does not prove producer completeness,"2026-09-25 repair recheck: isolated one-worker reproduction passed (51 scientific files, zero mismatches; 456 contextual certificates; one join-tree object represented by generated and retained files, both replayed and equal; isolated single-cell mutation rejected); mixture classification 11 required/58 interior-exists/31 listed/20 endpoint-also, with seed-813 and constant-objective regressions; 14 parser/CLI controls (12 expected rejections, two valid controls); 50-page paper rebuilt with 56 cited references and page 3 visually rechecked; artifact-only self-audit, not peer review"
structural-profile,The explicit reference path produces and exactly replays chain/antichain certificates through eight outcomes while exposing exponential upward-set growth,"Implementation boundary, not a theorem",tests/scaling_profile.py,bounded structural profile,"14 chain/antichain cases, sizes 2--8",results/scaling-profile.json,Table 2,14 cases passed; maximum 255 nonempty upward sets and 64 transport cells; no scalability claim,"2026-09-25 repair recheck: isolated one-worker reproduction passed (51 scientific files, zero mismatches; 456 contextual certificates; one join-tree object represented by generated and retained files, both replayed and equal; isolated single-cell mutation rejected); mixture classification 11 required/58 interior-exists/31 listed/20 endpoint-also, with seed-813 and constant-objective regressions; 14 parser/CLI controls (12 expected rejections, two valid controls); 50-page paper rebuilt with 56 cited references and page 3 visually rechecked; artifact-only self-audit, not peer review"
reference-integrity,Every bibliography entry is cited and mapped to an explicit manuscript role; identifiers and high-risk metadata pass the retained audit,Scholarly metadata and citation-use audit,paper/audit_references.py; paper/reference-audit.csv; paper/reference-audit.md,offline closure/checksum/parity audit plus publisher/registration spot and load-bearing rechecks,56 BibTeX entries; 87 citation-key occurrences; 12-paper TOPLAS calibration,paper/reference-audit.csv; paper/toplas-reference-calibration.csv,none,"56 cited, zero missing/uncited, unique DOI/ISBN identifiers; one real DOI defect repaired; not a live resolver query for every entry","2026-09-25 repair recheck: isolated one-worker reproduction passed (51 scientific files, zero mismatches; 456 contextual certificates; one join-tree object represented by generated and retained files, both replayed and equal; isolated single-cell mutation rejected); mixture classification 11 required/58 interior-exists/31 listed/20 endpoint-also, with seed-813 and constant-objective regressions; 14 parser/CLI controls (12 expected rejections, two valid controls); 50-page paper rebuilt with 56 cited references and page 3 visually rechecked; artifact-only self-audit, not peer review"
