name,url_or_path,license,access_date,resource_type,acquisition_method,integration_mode,supported_claim,internals_modified
Rely,https://doi.org/10.1145/2509136.2509546,publisher/author terms; article not redistributed,2026-09-19,research article,public scholarly record and author PDF,citation and comparison only,"joint reliability, sound quantitative analysis, historical source",no
Probabilistic Contracts (FMSD 2011),https://doi.org/10.1007/s10703-010-0107-8,publisher terms; article not redistributed,2026-09-16,research article,public scholarly metadata and substantive text,citation and comparison only,quantitative probabilistic refinement and composition pre-exist,no
Probabilistic Contracts for Component-Based Design,https://doi.org/10.1007/s10703-012-0162-4,publisher terms; article not redistributed,2026-09-16,research article,public scholarly record,citation and comparison only,component contract/refinement context,no
Formally Verifying Decompositions of Stochastic Specifications,https://doi.org/10.1007/s10009-024-00742-5,publisher terms; article not redistributed,2026-09-19,research article,public scholarly record and full article,citation and comparison only,current stochastic decomposition context,no
A Theory of Probabilistic Contracts (ISoLA 2024),https://doi.org/10.1007/978-3-031-75380-0_17,publisher terms; article not redistributed,2026-09-20,research article,public scholarly record and full article,citation and comparison only,general probabilistic contract metatheory and trace theory,no
A Theory of Probabilistic Contracts (FAC 2026),https://doi.org/10.1145/3820767,publisher terms; article not redistributed,2026-09-20,research article,current metadata/abstract; complete publisher text not bundled,citation and claim-boundary comparison only,trace-based contracts with general measures/time/state as described in abstract,no
Hypercontracts,https://doi.org/10.1007/s10703-025-00473-6,publisher terms; article not redistributed,2026-09-19,research article,public scholarly record,citation and comparison only,richer hyperproperty contract setting,no
Strassen 1965,https://doi.org/10.1214/aoms/1177700153,publisher terms; article not redistributed,2026-09-16,research article,public scholarly record,citation and theorem attribution,stochastic-order coupling foundation,no
Lindvall 1999,https://doi.org/10.1214/ECP.v4-1005,journal terms; article not redistributed,2026-09-16,research article,public scholarly record,citation and theorem attribution,Strassen stochastic-domination exposition,no
Characterising Testing Preorders,https://doi.org/10.2168/LMCS-4(4:4)2008,journal terms; article not redistributed,2026-09-16,research article,public full article,citation and comparison only,probabilistic testing characterization pre-exists,no
Monads and Quantitative Equational Theories,https://doi.org/10.4230/LIPIcs.CONCUR.2020.28,CC BY under LIPIcs terms; article not redistributed here,2026-09-16,research article,public full article,citation and comparison only,convex nondeterminism/probability metric algebra,no
Consistent Families of Measures and Their Extensions,https://doi.org/10.1137/1107014,publisher terms; article not redistributed,2026-09-16,research article,public scholarly record,citation and theorem attribution,marginal-extension boundary,no
Local Computations with Probabilities on Graphical Structures,https://doi.org/10.1111/j.2517-6161.1988.tb01721.x,publisher terms; article not redistributed,2026-09-16,research article,public scholarly record/full article,citation and theorem attribution,junction-tree/local-computation foundation,no
acmart 2.20,https://ctan.org/pkg/acmart,LaTeX Project Public License 1.3c or later,2026-09-19,publisher class,exact supplied class retained with license,unmodified paper build dependency,ACM acmsmall layout; class date 2026-08-16,no
ACM-Reference-Format.bst,https://ctan.org/pkg/acmart,public domain as stated in supplied file header,2026-09-19,bibliography style,copied from supplied template,unmodified paper bibliography style,ACM reference formatting,no
SciPy optimize.linprog,https://docs.scipy.org/doc/scipy/reference/generated/scipy.optimize.linprog.html,BSD-3-Clause,2026-09-16,software library,installed environment dependency,installed dependency used by order-certificate generation and differential campaigns; no solver result trusted by replay,"candidate location for the order producer; full regeneration and differential tests need SciPy, while retained exact replay does not",no
Python standard library,https://docs.python.org/3/,Python Software Foundation License,2026-09-16,software runtime,installed environment dependency,"exact rational replay, deterministic join-tree construction, legacy binary paths, self-contained finite enumeration, and orchestration outside SciPy-backed stages",standard-library replay/enumeration paths; it is not claimed to cover the SciPy-backed order producer or the production-calling differential driver,no
Original finite inputs and results,inputs/ and results/,MIT under included LICENSE,2026-09-16,finite mathematical data,authored and generated in this project,redistributed in artifact,all executable finite claims,no
TOPLAS author guidelines,https://dl.acm.org/journal/toplas/author-guidelines,ACM website terms; no page bytes redistributed,2026-09-20,official rules,official endpoint rechecked; complete readable guide unavailable in this environment,workflow source only,live external-submission rules remain a human recheck hold,no
ACM submissions guidance,https://www.acm.org/publications/authors/submissions,ACM website terms; no page bytes redistributed,2026-09-20,official rules,official endpoint rechecked; complete readable guidance unavailable in this environment,workflow source only,publisher template/submission workflow recheck,no
ACM authorship policy,https://www.acm.org/publications/policies/new-acm-policy-on-authorship,ACM website terms; no page bytes redistributed,2026-09-20,official policy,official endpoint rechecked together with current ACM venue policy summaries,workflow source only,human accountability and substantive AI-research disclosure hold,no
Kantorovich--Rubinstein Quasi-Metrics I,https://doi.org/10.1016/j.topol.2021.107673,publisher/journal terms; article not redistributed,2026-09-16,research article,public scholarly record and accessible text/metadata,citation and closest-work comparison only,directed Kantorovich quasi-metrics on measures and valuations pre-exist,no
Kantorovich--Rubinstein Quasi-Metrics II,https://doi.org/10.1016/j.topol.2021.107885,publisher/journal terms; article not redistributed,2026-09-16,research article,public scholarly record and accessible text/metadata,citation and closest-work comparison only,Hoare/Smyth powerdomain and hyperspace quasi-metric liftings pre-exist,no
Kantorovich--Rubinstein Quasi-Metrics III,https://doi.org/10.1016/j.topol.2022.108259,publisher/journal terms; article not redistributed,2026-09-16,research article,public scholarly record and accessible text/metadata,citation and closest-work comparison only,sublinear and superlinear prevision liftings pre-exist,no
Kantorovich--Rubinstein Quasi-Metrics IV,https://doi.org/10.1016/j.topol.2023.108513,publisher/journal terms; article not redistributed,2026-09-16,research article,public scholarly record and accessible text/metadata,citation and closest-work comparison only,lens and fork quasi-metric liftings for erratic mixed choice pre-exist,no
Stochastic Order on Metric Spaces and the Ordered Kantorovich Monad,https://doi.org/10.1016/j.aim.2020.107081,publisher/journal terms; article not redistributed,2026-09-20,research article,public scholarly record and accessible text/metadata,citation and closest-work comparison only,ordered Kantorovich monad and stochastic order on metric spaces pre-exist,no
Characteristic Logics for Behavioural Hemimetrics via Fuzzy Lax Extensions,https://doi.org/10.46298/lmcs-18(2:19)2022,publisher/journal terms; article not redistributed,2026-09-19,research article,public scholarly record and accessible text/metadata,citation and closest-work comparison only,asymmetric behavioural hemimetric liftings and logical characterizations pre-exist,no
Kantorovich Functors and Characteristic Logics for Behavioural Distances,https://doi.org/10.1007/978-3-031-30829-1_3,publisher/journal terms; article not redistributed,2026-09-19,research article,public scholarly record and accessible text/metadata,citation and closest-work comparison only,coalgebraic metric lifting and characteristic-logic boundary,no
Generalized Kantorovich--Rubinstein Duality beyond Hausdorff and Kantorovich,https://doi.org/10.1007/978-3-032-22730-0_30,publisher/journal terms; article not redistributed,2026-09-20,research article,public scholarly record and accessible text/metadata,citation and closest-work comparison only,symmetric convex-set distribution metric duality pre-exists,no
On General Minimax Theorems,https://doi.org/10.2140/pjm.1958.8.171,publisher/journal terms; article not redistributed,2026-09-20,research article,public scholarly metadata and full-text record,citation and theorem attribution only,compact-convex finite-action minimax interchange pre-exists,no
Lower Previsions,https://doi.org/10.1002/9781118762622,publisher terms; book not redistributed,2026-09-20,scholarly book,publisher book record and finite-space chapter summary,citation and closest-work boundary only,closed convex credal sets and coherent lower previsions on finite spaces pre-exist,no
